2024-07-22 00:00:00+00,1,application/ds_store
2024-07-22 00:00:00+00,18,application/gif
2024-07-22 00:00:00+00,2033,application/hda
2024-07-22 00:00:00+00,47,application/hdalc
2024-07-22 00:00:00+00,1,application/hdalibrary
2024-07-22 00:00:00+00,20,application/hdanc
2024-07-22 00:00:00+00,7,application/hip
2024-07-22 00:00:00+00,1,application/houdinitoolbox_8_8sop_1cppwrangle_8_81/createscript
2024-07-22 00:00:00+00,1,application/houdinitoolbox_8_8sop_1cppwrangle_8_81/dialogscript
2024-07-22 00:00:00+00,1,application/houdinitoolbox_8_8sop_1cppwrangle_8_81/extrafileoptions
2024-07-22 00:00:00+00,1,application/houdinitoolbox_8_8sop_1cppwrangle_8_81/functionname
2024-07-22 00:00:00+00,1,application/houdinitoolbox_8_8sop_1cppwrangle_8_81/help
2024-07-22 00:00:00+00,1,application/houdinitoolbox_8_8sop_1cppwrangle_8_81/pythoncook
2024-07-22 00:00:00+00,1,application/houdinitoolbox_8_8sop_1cppwrangle_8_81/pythonmodule
2024-07-22 00:00:00+00,1,application/houdinitoolbox_8_8sop_1cppwrangle_8_81/typepropertiesoptions
2024-07-22 00:00:00+00,1,application/html
2024-07-22 00:00:00+00,252,application/jpg
2024-07-22 00:00:00+00,39,application/license
2024-07-22 00:00:00+00,2,application/list
2024-07-22 00:00:00+00,2,application/lnk
2024-07-22 00:00:00+00,35,application/md
2024-07-22 00:00:00+00,195,application/otl
2024-07-22 00:00:00+00,1,application/otl/index__section
2024-07-22 00:00:00+00,60,application/otllc
2024-07-22 00:00:00+00,270,application/png
2024-07-22 00:00:00+00,1,application/shelf
2024-07-22 00:00:00+00,4,application/svg
2024-07-22 00:00:00+00,14,application/txt
2024-07-22 00:00:00+00,79,application/zip
2024-07-29 00:00:00+00,9,application/zip
2024-08-05 00:00:00+00,1,application/hda
2024-08-19 00:00:00+00,4,application/zip
2024-08-26 00:00:00+00,1,application/ds_store
2024-08-26 00:00:00+00,13,application/gif
2024-08-26 00:00:00+00,2031,application/hda
2024-08-26 00:00:00+00,47,application/hdalc
2024-08-26 00:00:00+00,1,application/hdalibrary
2024-08-26 00:00:00+00,20,application/hdanc
2024-08-26 00:00:00+00,7,application/hip
2024-08-26 00:00:00+00,1,application/houdinitoolbox_8_8sop_1cppwrangle_8_81/createscript
2024-08-26 00:00:00+00,1,application/houdinitoolbox_8_8sop_1cppwrangle_8_81/dialogscript
2024-08-26 00:00:00+00,1,application/houdinitoolbox_8_8sop_1cppwrangle_8_81/extrafileoptions
2024-08-26 00:00:00+00,1,application/houdinitoolbox_8_8sop_1cppwrangle_8_81/functionname
2024-08-26 00:00:00+00,1,application/houdinitoolbox_8_8sop_1cppwrangle_8_81/help
2024-08-26 00:00:00+00,1,application/houdinitoolbox_8_8sop_1cppwrangle_8_81/pythoncook
2024-08-26 00:00:00+00,1,application/houdinitoolbox_8_8sop_1cppwrangle_8_81/pythonmodule
2024-08-26 00:00:00+00,1,application/houdinitoolbox_8_8sop_1cppwrangle_8_81/typepropertiesoptions
2024-08-26 00:00:00+00,1,application/html
2024-08-26 00:00:00+00,252,application/jpg
2024-08-26 00:00:00+00,30,application/license
2024-08-26 00:00:00+00,2,application/list
2024-08-26 00:00:00+00,2,application/lnk
2024-08-26 00:00:00+00,35,application/md
2024-08-26 00:00:00+00,195,application/otl
2024-08-26 00:00:00+00,1,application/otl/index__section
2024-08-26 00:00:00+00,60,application/otllc
2024-08-26 00:00:00+00,242,application/png
2024-08-26 00:00:00+00,1,application/shelf
2024-08-26 00:00:00+00,1,application/svg
2024-08-26 00:00:00+00,5,application/txt
2024-08-26 00:00:00+00,13,application/zip
2024-09-23 00:00:00+00,1,application/ds_store
2024-09-23 00:00:00+00,13,application/gif
2024-09-23 00:00:00+00,2038,application/hda
2024-09-23 00:00:00+00,47,application/hdalc
2024-09-23 00:00:00+00,1,application/hdalibrary
2024-09-23 00:00:00+00,20,application/hdanc
2024-09-23 00:00:00+00,7,application/hip
2024-09-23 00:00:00+00,1,application/houdinitoolbox_8_8sop_1cppwrangle_8_81/createscript
2024-09-23 00:00:00+00,1,application/houdinitoolbox_8_8sop_1cppwrangle_8_81/dialogscript
2024-09-23 00:00:00+00,1,application/houdinitoolbox_8_8sop_1cppwrangle_8_81/extrafileoptions
2024-09-23 00:00:00+00,1,application/houdinitoolbox_8_8sop_1cppwrangle_8_81/functionname
2024-09-23 00:00:00+00,1,application/houdinitoolbox_8_8sop_1cppwrangle_8_81/help
2024-09-23 00:00:00+00,1,application/houdinitoolbox_8_8sop_1cppwrangle_8_81/pythoncook
2024-09-23 00:00:00+00,1,application/houdinitoolbox_8_8sop_1cppwrangle_8_81/pythonmodule
2024-09-23 00:00:00+00,1,application/houdinitoolbox_8_8sop_1cppwrangle_8_81/typepropertiesoptions
2024-09-23 00:00:00+00,1,application/html
2024-09-23 00:00:00+00,254,application/jpg
2024-09-23 00:00:00+00,30,application/license
2024-09-23 00:00:00+00,2,application/list
2024-09-23 00:00:00+00,2,application/lnk
2024-09-23 00:00:00+00,35,application/md
2024-09-23 00:00:00+00,195,application/otl
2024-09-23 00:00:00+00,1,application/otl/index__section
2024-09-23 00:00:00+00,60,application/otllc
2024-09-23 00:00:00+00,241,application/png
2024-09-23 00:00:00+00,1,application/shelf
2024-09-23 00:00:00+00,1,application/svg
2024-09-23 00:00:00+00,5,application/txt
2024-09-23 00:00:00+00,6,application/zip
2024-09-30 00:00:00+00,1,application/ds_store
2024-09-30 00:00:00+00,13,application/gif
2024-09-30 00:00:00+00,2043,application/hda
2024-09-30 00:00:00+00,47,application/hdalc
2024-09-30 00:00:00+00,1,application/hdalibrary
2024-09-30 00:00:00+00,20,application/hdanc
2024-09-30 00:00:00+00,7,application/hip
2024-09-30 00:00:00+00,1,application/houdinitoolbox_8_8sop_1cppwrangle_8_81/createscript
2024-09-30 00:00:00+00,1,application/houdinitoolbox_8_8sop_1cppwrangle_8_81/dialogscript
2024-09-30 00:00:00+00,1,application/houdinitoolbox_8_8sop_1cppwrangle_8_81/extrafileoptions
2024-09-30 00:00:00+00,1,application/houdinitoolbox_8_8sop_1cppwrangle_8_81/functionname
2024-09-30 00:00:00+00,1,application/houdinitoolbox_8_8sop_1cppwrangle_8_81/help
2024-09-30 00:00:00+00,1,application/houdinitoolbox_8_8sop_1cppwrangle_8_81/pythoncook
2024-09-30 00:00:00+00,1,application/houdinitoolbox_8_8sop_1cppwrangle_8_81/pythonmodule
2024-09-30 00:00:00+00,1,application/houdinitoolbox_8_8sop_1cppwrangle_8_81/typepropertiesoptions
2024-09-30 00:00:00+00,1,application/html
2024-09-30 00:00:00+00,254,application/jpg
2024-09-30 00:00:00+00,30,application/license
2024-09-30 00:00:00+00,2,application/list
2024-09-30 00:00:00+00,2,application/lnk
2024-09-30 00:00:00+00,35,application/md
2024-09-30 00:00:00+00,195,application/otl
2024-09-30 00:00:00+00,1,application/otl/index__section
2024-09-30 00:00:00+00,60,application/otllc
2024-09-30 00:00:00+00,244,application/png
2024-09-30 00:00:00+00,1,application/shelf
2024-09-30 00:00:00+00,1,application/svg
2024-09-30 00:00:00+00,5,application/txt
2024-09-30 00:00:00+00,12,application/zip
2024-10-07 00:00:00+00,1,application/hda
2024-10-07 00:00:00+00,1,application/mp3
2024-10-07 00:00:00+00,1,application/png
2024-10-07 00:00:00+00,9,application/usdz
2024-10-07 00:00:00+00,26,application/zip
2024-10-14 00:00:00+00,95,application/hda
2024-10-14 00:00:00+00,59,application/usdz
2024-10-21 00:00:00+00,20,application/hda
2024-10-21 00:00:00+00,10,application/png
2024-10-21 00:00:00+00,311,application/usdz
2024-10-28 00:00:00+00,30,application/hda
2024-10-28 00:00:00+00,355,application/usdz
2024-11-04 00:00:00+00,55,application/fbx
2024-11-04 00:00:00+00,715,application/hda
2024-11-04 00:00:00+00,3,application/jpg
2024-11-04 00:00:00+00,50,application/png
2024-11-04 00:00:00+00,63,application/usd
2024-11-04 00:00:00+00,1062,application/usdz
2024-11-11 00:00:00+00,38,application/fbx
2024-11-11 00:00:00+00,1,application/gif
2024-11-11 00:00:00+00,1037,application/hda
2024-11-11 00:00:00+00,8,application/hdalc
2024-11-11 00:00:00+00,1,application/hdanc
2024-11-11 00:00:00+00,6,application/jpg
2024-11-11 00:00:00+00,1,application/license
2024-11-11 00:00:00+00,1,application/license_mplv2
2024-11-11 00:00:00+00,1,application/md
2024-11-11 00:00:00+00,2,application/mp4
2024-11-11 00:00:00+00,1,application/pdf
2024-11-11 00:00:00+00,32,application/png
2024-11-11 00:00:00+00,6,application/txt
2024-11-11 00:00:00+00,40,application/usd
2024-11-11 00:00:00+00,1715,application/usdz
2024-11-11 00:00:00+00,105,application/zip
2024-11-18 00:00:00+00,24,application/fbx
2024-11-18 00:00:00+00,2,application/gif
2024-11-18 00:00:00+00,1069,application/hda
2024-11-18 00:00:00+00,3,application/hdalc
2024-11-18 00:00:00+00,2,application/hdanc
2024-11-18 00:00:00+00,6,application/json
2024-11-18 00:00:00+00,3,application/license
2024-11-18 00:00:00+00,39,application/png
2024-11-18 00:00:00+00,1,application/pptx
2024-11-18 00:00:00+00,2,application/svg
2024-11-18 00:00:00+00,1,application/txt
2024-11-18 00:00:00+00,76,application/usd
2024-11-18 00:00:00+00,2312,application/usdz
2024-11-18 00:00:00+00,68,application/zip
2024-11-25 00:00:00+00,81,application/awful
2024-11-25 00:00:00+00,6,application/fbx
2024-11-25 00:00:00+00,1871,application/hda
2024-11-25 00:00:00+00,44,application/json
2024-11-25 00:00:00+00,1,application/tmp0abhiv7r
2024-11-25 00:00:00+00,1,application/tmpaasy9brp
2024-11-25 00:00:00+00,6,application/usd
2024-11-25 00:00:00+00,3212,application/usdz
2024-12-02 00:00:00+00,21,application/awful
2024-12-02 00:00:00+00,26,application/awjs
2024-12-02 00:00:00+00,68,application/fbx
2024-12-02 00:00:00+00,2056,application/hda
2024-12-02 00:00:00+00,6,application/json
2024-12-02 00:00:00+00,69,application/usd
2024-12-02 00:00:00+00,4442,application/usdz
2024-12-02 00:00:00+00,3,application/zip
2024-12-09 00:00:00+00,38,application/awful
2024-12-09 00:00:00+00,13,application/awjs
2024-12-09 00:00:00+00,20,application/fbx
2024-12-09 00:00:00+00,979,application/hda
2024-12-09 00:00:00+00,1,application/hip
2024-12-09 00:00:00+00,9,application/json
2024-12-09 00:00:00+00,1,application/png
2024-12-09 00:00:00+00,5,application/svg
2024-12-09 00:00:00+00,21,application/usd
2024-12-09 00:00:00+00,2569,application/usdz
2024-12-16 00:00:00+00,25,application/awful
2024-12-16 00:00:00+00,3,application/awjs
2024-12-16 00:00:00+00,17,application/awpy
2024-12-16 00:00:00+00,2,application/hda
2024-12-16 00:00:00+00,3,application/json
2024-12-16 00:00:00+00,2,application/svg
2024-12-16 00:00:00+00,1,application/usd
2024-12-16 00:00:00+00,354,application/usdz
2024-12-23 00:00:00+00,1,application/awpy
2024-12-23 00:00:00+00,13,application/usdz
2024-12-30 00:00:00+00,7,application/awful
2024-12-30 00:00:00+00,9,application/awjs
2024-12-30 00:00:00+00,1,application/jpg
2024-12-30 00:00:00+00,9,application/json
2024-12-30 00:00:00+00,2,application/png
2024-12-30 00:00:00+00,76,application/usdz
2025-01-06 00:00:00+00,6,application/awful
2025-01-06 00:00:00+00,12,application/awpy
2025-01-06 00:00:00+00,6,application/fbx
2025-01-06 00:00:00+00,2,application/hda
2025-01-06 00:00:00+00,17,application/usd
2025-01-06 00:00:00+00,34,application/usdz
2025-01-13 00:00:00+00,15,application/fbx
2025-01-13 00:00:00+00,1,application/hda
2025-01-13 00:00:00+00,1,application/png
2025-01-13 00:00:00+00,4,application/usd
2025-01-13 00:00:00+00,209,application/usdz
2025-01-13 00:00:00+00,1,application/zip
2025-01-20 00:00:00+00,1,application/awpy
2025-01-20 00:00:00+00,52,application/fbx
2025-01-20 00:00:00+00,6,application/hda
2025-01-20 00:00:00+00,5,application/usd
2025-01-20 00:00:00+00,831,application/usdz
2025-01-20 00:00:00+00,3,application/zip
2025-01-27 00:00:00+00,5,application/fbx
2025-01-27 00:00:00+00,32,application/gif
2025-01-27 00:00:00+00,452,application/hda
2025-01-27 00:00:00+00,35,application/hdalc
2025-01-27 00:00:00+00,1,application/hdalibrary
2025-01-27 00:00:00+00,6,application/hdanc
2025-01-27 00:00:00+00,7,application/hip
2025-01-27 00:00:00+00,1,application/houdinitoolbox_8_8sop_1cppwrangle_8_81/createscript
2025-01-27 00:00:00+00,1,application/houdinitoolbox_8_8sop_1cppwrangle_8_81/dialogscript
2025-01-27 00:00:00+00,1,application/houdinitoolbox_8_8sop_1cppwrangle_8_81/extrafileoptions
2025-01-27 00:00:00+00,1,application/houdinitoolbox_8_8sop_1cppwrangle_8_81/functionname
2025-01-27 00:00:00+00,1,application/houdinitoolbox_8_8sop_1cppwrangle_8_81/help
2025-01-27 00:00:00+00,1,application/houdinitoolbox_8_8sop_1cppwrangle_8_81/pythoncook
2025-01-27 00:00:00+00,1,application/houdinitoolbox_8_8sop_1cppwrangle_8_81/pythonmodule
2025-01-27 00:00:00+00,1,application/houdinitoolbox_8_8sop_1cppwrangle_8_81/typepropertiesoptions
2025-01-27 00:00:00+00,269,application/jpg
2025-01-27 00:00:00+00,18,application/license
2025-01-27 00:00:00+00,2,application/list
2025-01-27 00:00:00+00,25,application/md
2025-01-27 00:00:00+00,180,application/otl
2025-01-27 00:00:00+00,1,application/otl/index__section
2025-01-27 00:00:00+00,62,application/otllc
2025-01-27 00:00:00+00,292,application/png
2025-01-27 00:00:00+00,1,application/shelf
2025-01-27 00:00:00+00,1,application/svg
2025-01-27 00:00:00+00,39,application/txt
2025-01-27 00:00:00+00,15,application/uasset
2025-01-27 00:00:00+00,4,application/usd
2025-01-27 00:00:00+00,1097,application/usdz
2025-01-27 00:00:00+00,59,application/zip
2025-02-03 00:00:00+00,25,application/fbx
2025-02-03 00:00:00+00,4,application/gif
2025-02-03 00:00:00+00,12,application/hda
2025-02-03 00:00:00+00,1,application/hiplc
2025-02-03 00:00:00+00,48,application/png
2025-02-03 00:00:00+00,1,application/usd
2025-02-03 00:00:00+00,1104,application/usdz
2025-02-03 00:00:00+00,3,application/zip
2025-02-10 00:00:00+00,4,application/gif
2025-02-10 00:00:00+00,12,application/hda
2025-02-10 00:00:00+00,23,application/png
2025-02-10 00:00:00+00,1060,application/usdz
2025-02-17 00:00:00+00,4,application/gif
2025-02-17 00:00:00+00,12,application/hda
2025-02-17 00:00:00+00,23,application/png
2025-02-17 00:00:00+00,1198,application/usdz
2025-02-24 00:00:00+00,6,application/hda
2025-02-24 00:00:00+00,3,application/hperf
2025-02-24 00:00:00+00,8,application/png
2025-02-24 00:00:00+00,1276,application/usdz
2025-02-24 00:00:00+00,10,application/zip
2025-03-03 00:00:00+00,3,application/hperf
2025-03-03 00:00:00+00,3,application/png
2025-03-03 00:00:00+00,863,application/usdz
