2024-10-21 00:00:00+00,12,application/hda
2024-10-21 00:00:00+00,4,application/png
2024-10-28 00:00:00+00,80,application/hda
2024-11-04 00:00:00+00,25,application/hda
2024-11-11 00:00:00+00,11,application/svg
2024-11-18 00:00:00+00,8,application/gif
2024-11-18 00:00:00+00,257,application/hda
2024-11-18 00:00:00+00,32,application/hdalc
2024-11-18 00:00:00+00,4,application/hdanc
2024-11-18 00:00:00+00,126,application/jpg
2024-11-18 00:00:00+00,8,application/license
2024-11-18 00:00:00+00,10,application/md
2024-11-18 00:00:00+00,60,application/otllc
2024-11-18 00:00:00+00,169,application/png
2024-11-18 00:00:00+00,1,application/txt
2024-11-18 00:00:00+00,22,application/zip
2024-11-25 00:00:00+00,1,application/png
2024-11-25 00:00:00+00,6,application/svg
2024-11-25 00:00:00+00,24,application/zip
2024-12-02 00:00:00+00,4,application/awful
2024-12-02 00:00:00+00,3,application/hda
2024-12-02 00:00:00+00,1,application/hdanc
2024-12-02 00:00:00+00,3,application/png
2024-12-02 00:00:00+00,11,application/usd
2024-12-02 00:00:00+00,3,application/usdz
2024-12-02 00:00:00+00,5,application/zip
2024-12-09 00:00:00+00,1,application/awful
2024-12-09 00:00:00+00,17,application/hda
2024-12-09 00:00:00+00,2,application/png
2024-12-09 00:00:00+00,16,application/usdz
2024-12-09 00:00:00+00,2,application/webm
2024-12-09 00:00:00+00,52,application/zip
2024-12-16 00:00:00+00,1,application/awful
2024-12-16 00:00:00+00,2,application/hda
2024-12-23 00:00:00+00,3,application/hda
2024-12-30 00:00:00+00,1,application/awful
2024-12-30 00:00:00+00,1,application/awpy
2024-12-30 00:00:00+00,30,application/gif
2024-12-30 00:00:00+00,71,application/hda
2024-12-30 00:00:00+00,72,application/png
2024-12-30 00:00:00+00,60,application/txt
2024-12-30 00:00:00+00,15,application/usd
2025-01-06 00:00:00+00,2,application/awful
2025-01-06 00:00:00+00,1,application/awpy
2025-01-06 00:00:00+00,60,application/gif
2025-01-06 00:00:00+00,140,application/hda
2025-01-06 00:00:00+00,144,application/png
2025-01-06 00:00:00+00,120,application/txt
2025-01-13 00:00:00+00,13,application/fbx
2025-01-13 00:00:00+00,15,application/gif
2025-01-13 00:00:00+00,35,application/hda
2025-01-13 00:00:00+00,34,application/png
2025-01-13 00:00:00+00,16,application/txt
2025-01-13 00:00:00+00,6,application/zip
2025-01-20 00:00:00+00,2,application/hda
2025-01-27 00:00:00+00,83,application/gif
2025-01-27 00:00:00+00,2059,application/hda
2025-01-27 00:00:00+00,15,application/hdalc
2025-01-27 00:00:00+00,1,application/hdalibrary
2025-01-27 00:00:00+00,4,application/hdanc
2025-01-27 00:00:00+00,7,application/hip
2025-01-27 00:00:00+00,1,application/houdinitoolbox_8_8sop_1cppwrangle_8_81/createscript
2025-01-27 00:00:00+00,1,application/houdinitoolbox_8_8sop_1cppwrangle_8_81/dialogscript
2025-01-27 00:00:00+00,1,application/houdinitoolbox_8_8sop_1cppwrangle_8_81/extrafileoptions
2025-01-27 00:00:00+00,1,application/houdinitoolbox_8_8sop_1cppwrangle_8_81/functionname
2025-01-27 00:00:00+00,1,application/houdinitoolbox_8_8sop_1cppwrangle_8_81/help
2025-01-27 00:00:00+00,1,application/houdinitoolbox_8_8sop_1cppwrangle_8_81/pythoncook
2025-01-27 00:00:00+00,1,application/houdinitoolbox_8_8sop_1cppwrangle_8_81/pythonmodule
2025-01-27 00:00:00+00,1,application/houdinitoolbox_8_8sop_1cppwrangle_8_81/typepropertiesoptions
2025-01-27 00:00:00+00,1,application/html
2025-01-27 00:00:00+00,128,application/jpg
2025-01-27 00:00:00+00,29,application/license
2025-01-27 00:00:00+00,2,application/list
2025-01-27 00:00:00+00,26,application/md
2025-01-27 00:00:00+00,195,application/otl
2025-01-27 00:00:00+00,1,application/otl/index__section
2025-01-27 00:00:00+00,390,application/png
2025-01-27 00:00:00+00,1,application/shelf
2025-01-27 00:00:00+00,1,application/svg
2025-01-27 00:00:00+00,194,application/txt
2025-01-27 00:00:00+00,15,application/uasset
2025-01-27 00:00:00+00,351,application/zip
2025-02-03 00:00:00+00,16,application/fbx
2025-02-03 00:00:00+00,4,application/hda
2025-02-03 00:00:00+00,1,application/license
2025-02-03 00:00:00+00,32,application/png
2025-02-03 00:00:00+00,10,application/zip
2025-02-10 00:00:00+00,5,application/hda
2025-02-10 00:00:00+00,1,application/license
2025-02-10 00:00:00+00,10,application/png
2025-02-10 00:00:00+00,7,application/zip
2025-02-17 00:00:00+00,1,application/gif
2025-02-17 00:00:00+00,46,application/hda
2025-02-17 00:00:00+00,1,application/jpg
2025-02-17 00:00:00+00,4,application/license
2025-02-17 00:00:00+00,1,application/md
2025-02-17 00:00:00+00,77,application/png
2025-02-17 00:00:00+00,1,application/txt
2025-02-17 00:00:00+00,3,application/zip
2025-02-24 00:00:00+00,25,application/hda
2025-02-24 00:00:00+00,1,application/jpg
2025-02-24 00:00:00+00,6,application/license
2025-02-24 00:00:00+00,1,application/otl
2025-02-24 00:00:00+00,85,application/png
2025-02-24 00:00:00+00,25,application/zip
2025-03-03 00:00:00+00,2,application/glb
2025-03-03 00:00:00+00,1,application/gltf
2025-03-03 00:00:00+00,8,application/hda
2025-03-03 00:00:00+00,1,application/hip
2025-03-03 00:00:00+00,2,application/jpg
2025-03-03 00:00:00+00,1,application/license
2025-03-03 00:00:00+00,2,application/otl
2025-03-03 00:00:00+00,24,application/png
2025-03-03 00:00:00+00,6,application/usdz
2025-03-03 00:00:00+00,21,application/zip
